"LOCATION","INDICATOR","SUBJECT","MEASURE","FREQUENCY","TIME","Value","Flag Codes"
"USA","STINT","TOT","PC_PA","M","1998-04",5.58,
"USA","STINT","TOT","PC_PA","M","1998-05",5.59,
"USA","STINT","TOT","PC_PA","M","1998-06",5.6,
"USA","STINT","TOT","PC_PA","M","1998-07",5.59,
"USA","STINT","TOT","PC_PA","M","1998-08",5.58,
"USA","STINT","TOT","PC_PA","M","1998-09",5.41,
"USA","STINT","TOT","PC_PA","M","1998-10",5.21,
"USA","STINT","TOT","PC_PA","M","1998-11",5.24,
"USA","STINT","TOT","PC_PA","M","1998-12",5.14,
"USA","STINT","TOT","PC_PA","M","1999-01",4.89,
"USA","STINT","TOT","PC_PA","M","1999-02",4.9,
"USA","STINT","TOT","PC_PA","M","1999-03",4.91,
"USA","STINT","TOT","PC_PA","M","1999-04",4.88,
"USA","STINT","TOT","PC_PA","M","1999-05",4.92,
"USA","STINT","TOT","PC_PA","M","1999-06",5.13,
"USA","STINT","TOT","PC_PA","M","1999-07",5.24,
"USA","STINT","TOT","PC_PA","M","1999-08",5.41,
"USA","STINT","TOT","PC_PA","M","1999-09",5.5,
"USA","STINT","TOT","PC_PA","M","1999-10",6.13,
"USA","STINT","TOT","PC_PA","M","1999-11",6,
"USA","STINT","TOT","PC_PA","M","1999-12",6.05,
"USA","STINT","TOT","PC_PA","M","2000-01",5.95,
"USA","STINT","TOT","PC_PA","M","2000-02",6.01,
"USA","STINT","TOT","PC_PA","M","2000-03",6.14,
"USA","STINT","TOT","PC_PA","M","2000-04",6.28,
"USA","STINT","TOT","PC_PA","M","2000-05",6.71,
"USA","STINT","TOT","PC_PA","M","2000-06",6.73,
"USA","STINT","TOT","PC_PA","M","2000-07",6.67,
"USA","STINT","TOT","PC_PA","M","2000-08",6.61,
"USA","STINT","TOT","PC_PA","M","2000-09",6.6,
"USA","STINT","TOT","PC_PA","M","2000-10",6.67,
"USA","STINT","TOT","PC_PA","M","2000-11",6.65,
"USA","STINT","TOT","PC_PA","M","2000-12",6.45,
"USA","STINT","TOT","PC_PA","M","2001-01",5.62,
"USA","STINT","TOT","PC_PA","M","2001-02",5.26,
"USA","STINT","TOT","PC_PA","M","2001-03",4.89,
"USA","STINT","TOT","PC_PA","M","2001-04",4.53,
"USA","STINT","TOT","PC_PA","M","2001-05",4.02,
"USA","STINT","TOT","PC_PA","M","2001-06",3.74,
"USA","STINT","TOT","PC_PA","M","2001-07",3.66,
"USA","STINT","TOT","PC_PA","M","2001-08",3.48,
"USA","STINT","TOT","PC_PA","M","2001-09",2.87,
"USA","STINT","TOT","PC_PA","M","2001-10",2.31,
"USA","STINT","TOT","PC_PA","M","2001-11",2.03,
"USA","STINT","TOT","PC_PA","M","2001-12",1.83,
"USA","STINT","TOT","PC_PA","M","2002-01",1.74,
"USA","STINT","TOT","PC_PA","M","2002-02",1.82,
"USA","STINT","TOT","PC_PA","M","2002-03",1.91,
"USA","STINT","TOT","PC_PA","M","2002-04",1.87,
"USA","STINT","TOT","PC_PA","M","2002-05",1.82,
"USA","STINT","TOT","PC_PA","M","2002-06",1.81,
"USA","STINT","TOT","PC_PA","M","2002-07",1.79,
"USA","STINT","TOT","PC_PA","M","2002-08",1.73,
"USA","STINT","TOT","PC_PA","M","2002-09",1.76,
"USA","STINT","TOT","PC_PA","M","2002-10",1.73,
"USA","STINT","TOT","PC_PA","M","2002-11",1.39,
"USA","STINT","TOT","PC_PA","M","2002-12",1.34,
"USA","STINT","TOT","PC_PA","M","2003-01",1.29,
"USA","STINT","TOT","PC_PA","M","2003-02",1.27,
"USA","STINT","TOT","PC_PA","M","2003-03",1.23,
"USA","STINT","TOT","PC_PA","M","2003-04",1.24,
"USA","STINT","TOT","PC_PA","M","2003-05",1.22,
"USA","STINT","TOT","PC_PA","M","2003-06",1.04,
"USA","STINT","TOT","PC_PA","M","2003-07",1.05,
"USA","STINT","TOT","PC_PA","M","2003-08",1.08,
"USA","STINT","TOT","PC_PA","M","2003-09",1.08,
"USA","STINT","TOT","PC_PA","M","2003-10",1.1,
"USA","STINT","TOT","PC_PA","M","2003-11",1.11,
"USA","STINT","TOT","PC_PA","M","2003-12",1.1,
"USA","STINT","TOT","PC_PA","M","2004-01",1.06,
"USA","STINT","TOT","PC_PA","M","2004-02",1.05,
"USA","STINT","TOT","PC_PA","M","2004-03",1.05,
"USA","STINT","TOT","PC_PA","M","2004-04",1.08,
"USA","STINT","TOT","PC_PA","M","2004-05",1.2,
"USA","STINT","TOT","PC_PA","M","2004-06",1.46,
"USA","STINT","TOT","PC_PA","M","2004-07",1.57,
"USA","STINT","TOT","PC_PA","M","2004-08",1.68,
"USA","STINT","TOT","PC_PA","M","2004-09",1.86,
"USA","STINT","TOT","PC_PA","M","2004-10",2.04,
"USA","STINT","TOT","PC_PA","M","2004-11",2.26,
"USA","STINT","TOT","PC_PA","M","2004-12",2.45,
"USA","STINT","TOT","PC_PA","M","2005-01",2.61,
"USA","STINT","TOT","PC_PA","M","2005-02",2.77,
"USA","STINT","TOT","PC_PA","M","2005-03",2.97,
"USA","STINT","TOT","PC_PA","M","2005-04",3.09,
"USA","STINT","TOT","PC_PA","M","2005-05",3.22,
"USA","STINT","TOT","PC_PA","M","2005-06",3.38,
"USA","STINT","TOT","PC_PA","M","2005-07",3.57,
"USA","STINT","TOT","PC_PA","M","2005-08",3.77,
"USA","STINT","TOT","PC_PA","M","2005-09",3.87,
"USA","STINT","TOT","PC_PA","M","2005-10",4.13,
"USA","STINT","TOT","PC_PA","M","2005-11",4.31,
"USA","STINT","TOT","PC_PA","M","2005-12",4.45,
"USA","STINT","TOT","PC_PA","M","2006-01",4.56,
"USA","STINT","TOT","PC_PA","M","2006-02",4.72,
"USA","STINT","TOT","PC_PA","M","2006-03",4.88,
"USA","STINT","TOT","PC_PA","M","2006-04",5.03,
"USA","STINT","TOT","PC_PA","M","2006-05",5.15,
"USA","STINT","TOT","PC_PA","M","2006-06",5.35,
"USA","STINT","TOT","PC_PA","M","2006-07",5.46,
"USA","STINT","TOT","PC_PA","M","2006-08",5.38,
"USA","STINT","TOT","PC_PA","M","2006-09",5.34,
"USA","STINT","TOT","PC_PA","M","2006-10",5.33,
"USA","STINT","TOT","PC_PA","M","2006-11",5.32,
"USA","STINT","TOT","PC_PA","M","2006-12",5.32,
"USA","STINT","TOT","PC_PA","M","2007-01",5.32,
"USA","STINT","TOT","PC_PA","M","2007-02",5.31,
"USA","STINT","TOT","PC_PA","M","2007-03",5.3,
"USA","STINT","TOT","PC_PA","M","2007-04",5.31,
"USA","STINT","TOT","PC_PA","M","2007-05",5.31,
"USA","STINT","TOT","PC_PA","M","2007-06",5.33,
"USA","STINT","TOT","PC_PA","M","2007-07",5.32,
"USA","STINT","TOT","PC_PA","M","2007-08",5.49,
"USA","STINT","TOT","PC_PA","M","2007-09",5.46,
"USA","STINT","TOT","PC_PA","M","2007-10",5.08,
"USA","STINT","TOT","PC_PA","M","2007-11",4.97,
"USA","STINT","TOT","PC_PA","M","2007-12",5.02,
"USA","STINT","TOT","PC_PA","M","2008-01",3.84,
"USA","STINT","TOT","PC_PA","M","2008-02",3.06,
"USA","STINT","TOT","PC_PA","M","2008-03",2.79,
"USA","STINT","TOT","PC_PA","M","2008-04",2.85,
"USA","STINT","TOT","PC_PA","M","2008-05",2.66,
"USA","STINT","TOT","PC_PA","M","2008-06",2.76,
"USA","STINT","TOT","PC_PA","M","2008-07",2.79,
"USA","STINT","TOT","PC_PA","M","2008-08",2.79,
"USA","STINT","TOT","PC_PA","M","2008-09",3.59,
"USA","STINT","TOT","PC_PA","M","2008-10",4.32,
"USA","STINT","TOT","PC_PA","M","2008-11",2.36,
"USA","STINT","TOT","PC_PA","M","2008-12",1.77,
"USA","STINT","TOT","PC_PA","M","2009-01",1.02,
"USA","STINT","TOT","PC_PA","M","2009-02",1.16,
"USA","STINT","TOT","PC_PA","M","2009-03",1.07,
"USA","STINT","TOT","PC_PA","M","2009-04",0.89,
"USA","STINT","TOT","PC_PA","M","2009-05",0.57,
"USA","STINT","TOT","PC_PA","M","2009-06",0.39,
"USA","STINT","TOT","PC_PA","M","2009-07",0.35,
"USA","STINT","TOT","PC_PA","M","2009-08",0.3,
"USA","STINT","TOT","PC_PA","M","2009-09",0.25,
"USA","STINT","TOT","PC_PA","M","2009-10",0.24,
"USA","STINT","TOT","PC_PA","M","2009-11",0.21,
"USA","STINT","TOT","PC_PA","M","2009-12",0.22,
"USA","STINT","TOT","PC_PA","M","2010-01",0.2,
"USA","STINT","TOT","PC_PA","M","2010-02",0.19,
"USA","STINT","TOT","PC_PA","M","2010-03",0.23,
"USA","STINT","TOT","PC_PA","M","2010-04",0.3,
"USA","STINT","TOT","PC_PA","M","2010-05",0.45,
"USA","STINT","TOT","PC_PA","M","2010-06",0.52,
"USA","STINT","TOT","PC_PA","M","2010-07",0.41,
"USA","STINT","TOT","PC_PA","M","2010-08",0.32,
"USA","STINT","TOT","PC_PA","M","2010-09",0.28,
"USA","STINT","TOT","PC_PA","M","2010-10",0.27,
"USA","STINT","TOT","PC_PA","M","2010-11",0.27,
"USA","STINT","TOT","PC_PA","M","2010-12",0.3,
"USA","STINT","TOT","PC_PA","M","2011-01",0.29,
"USA","STINT","TOT","PC_PA","M","2011-02",0.28,
"USA","STINT","TOT","PC_PA","M","2011-03",0.28,
"USA","STINT","TOT","PC_PA","M","2011-04",0.23,
"USA","STINT","TOT","PC_PA","M","2011-05",0.21,
"USA","STINT","TOT","PC_PA","M","2011-06",0.22,
"USA","STINT","TOT","PC_PA","M","2011-07",0.24,
"USA","STINT","TOT","PC_PA","M","2011-08",0.29,
"USA","STINT","TOT","PC_PA","M","2011-09",0.33,
"USA","STINT","TOT","PC_PA","M","2011-10",0.37,
"USA","STINT","TOT","PC_PA","M","2011-11",0.41,
"USA","STINT","TOT","PC_PA","M","2011-12",0.49,
"USA","STINT","TOT","PC_PA","M","2012-01",0.4,
"USA","STINT","TOT","PC_PA","M","2012-02",0.3,
"USA","STINT","TOT","PC_PA","M","2012-03",0.29,
"USA","STINT","TOT","PC_PA","M","2012-04",0.29,
"USA","STINT","TOT","PC_PA","M","2012-05",0.29,
"USA","STINT","TOT","PC_PA","M","2012-06",0.32,
"USA","STINT","TOT","PC_PA","M","2012-07",0.3,
"USA","STINT","TOT","PC_PA","M","2012-08",0.26,
"USA","STINT","TOT","PC_PA","M","2012-09",0.24,
"USA","STINT","TOT","PC_PA","M","2012-10",0.23,
"USA","STINT","TOT","PC_PA","M","2012-11",0.23,
"USA","STINT","TOT","PC_PA","M","2012-12",0.24,
"USA","STINT","TOT","PC_PA","M","2013-01",0.23,
"USA","STINT","TOT","PC_PA","M","2013-02",0.22,
"USA","STINT","TOT","PC_PA","M","2013-03",0.21,
"USA","STINT","TOT","PC_PA","M","2013-04",0.2,
"USA","STINT","TOT","PC_PA","M","2013-05",0.2,
"USA","STINT","TOT","PC_PA","M","2013-06",0.19,
"USA","STINT","TOT","PC_PA","M","2013-07",0.14,
"USA","STINT","TOT","PC_PA","M","2013-08",0.12,
"USA","STINT","TOT","PC_PA","M","2013-09",0.11,
"USA","STINT","TOT","PC_PA","M","2013-10",0.12,
"USA","STINT","TOT","PC_PA","M","2013-11",0.12,
"USA","STINT","TOT","PC_PA","M","2013-12",0.14,
"USA","STINT","TOT","PC_PA","M","2014-01",0.12,
"USA","STINT","TOT","PC_PA","M","2014-02",0.13,
"USA","STINT","TOT","PC_PA","M","2014-03",0.12,
"USA","STINT","TOT","PC_PA","M","2014-04",0.12,
"USA","STINT","TOT","PC_PA","M","2014-05",0.11,
"USA","STINT","TOT","PC_PA","M","2014-06",0.11,
"USA","STINT","TOT","PC_PA","M","2014-07",0.13,
"USA","STINT","TOT","PC_PA","M","2014-08",0.13,
"USA","STINT","TOT","PC_PA","M","2014-09",0.12,
"USA","STINT","TOT","PC_PA","M","2014-10",0.12,
"USA","STINT","TOT","PC_PA","M","2014-11",0.13,
"USA","STINT","TOT","PC_PA","M","2014-12",0.15,
"USA","STINT","TOT","PC_PA","M","2015-01",0.16,
"USA","STINT","TOT","PC_PA","M","2015-02",0.15,
"USA","STINT","TOT","PC_PA","M","2015-03",0.14,
"USA","STINT","TOT","PC_PA","M","2015-04",0.13,
"USA","STINT","TOT","PC_PA","M","2015-05",0.15,
"USA","STINT","TOT","PC_PA","M","2015-06",0.18,
"USA","STINT","TOT","PC_PA","M","2015-07",0.19,
"USA","STINT","TOT","PC_PA","M","2015-08",0.26,
"USA","STINT","TOT","PC_PA","M","2015-09",0.27,
"USA","STINT","TOT","PC_PA","M","2015-10",0.25,
"USA","STINT","TOT","PC_PA","M","2015-11",0.3,
"USA","STINT","TOT","PC_PA","M","2015-12",0.54,
"USA","STINT","TOT","PC_PA","M","2016-01",0.57,
"USA","STINT","TOT","PC_PA","M","2016-02",0.54,
"USA","STINT","TOT","PC_PA","M","2016-03",0.55,
"USA","STINT","TOT","PC_PA","M","2016-04",0.55,
"USA","STINT","TOT","PC_PA","M","2016-05",0.57,
"USA","STINT","TOT","PC_PA","M","2016-06",0.55,
"USA","STINT","TOT","PC_PA","M","2016-07",0.62,
"USA","STINT","TOT","PC_PA","M","2016-08",0.73,
"USA","STINT","TOT","PC_PA","M","2016-09",0.75,
"USA","STINT","TOT","PC_PA","M","2016-10",0.72,
"USA","STINT","TOT","PC_PA","M","2016-11",0.71,
"USA","STINT","TOT","PC_PA","M","2016-12",0.87,
"USA","STINT","TOT","PC_PA","M","2017-01",0.9,
"USA","STINT","TOT","PC_PA","M","2017-02",0.87,
"USA","STINT","TOT","PC_PA","M","2017-03",0.98,
"USA","STINT","TOT","PC_PA","M","2017-04",1.03,
"USA","STINT","TOT","PC_PA","M","2017-05",1.05,
"USA","STINT","TOT","PC_PA","M","2017-06",1.16,
"USA","STINT","TOT","PC_PA","M","2017-07",1.22,
"USA","STINT","TOT","PC_PA","M","2017-08",1.25,
"USA","STINT","TOT","PC_PA","M","2017-09",1.25,
"USA","STINT","TOT","PC_PA","M","2017-10",1.26,
"USA","STINT","TOT","PC_PA","M","2017-11",1.32,
"USA","STINT","TOT","PC_PA","M","2017-12",1.54,
"USA","STINT","TOT","PC_PA","M","2018-01",1.63,
"USA","STINT","TOT","PC_PA","M","2018-02",1.78,
"USA","STINT","TOT","PC_PA","M","2018-03",2.08,
"USA","STINT","TOT","PC_PA","M","2018-04",2.2,
"USA","STINT","TOT","PC_PA","M","2018-05",2.16,
"USA","STINT","TOT","PC_PA","M","2018-06",2.19,
"USA","STINT","TOT","PC_PA","M","2018-07",2.17,
"USA","STINT","TOT","PC_PA","M","2018-08",2.19,
"USA","STINT","TOT","PC_PA","M","2018-09",2.24,
"USA","STINT","TOT","PC_PA","M","2018-10",2.37,
"USA","STINT","TOT","PC_PA","M","2018-11",2.56,
"USA","STINT","TOT","PC_PA","M","2018-12",2.69,
"USA","STINT","TOT","PC_PA","M","2019-01",2.59,
"USA","STINT","TOT","PC_PA","M","2019-02",2.49,
"USA","STINT","TOT","PC_PA","M","2019-03",2.48,
"USA","STINT","TOT","PC_PA","M","2019-04",2.47,
"USA","STINT","TOT","PC_PA","M","2019-05",2.44,
"USA","STINT","TOT","PC_PA","M","2019-06",2.3,
"USA","STINT","TOT","PC_PA","M","2019-07",2.22,
"USA","STINT","TOT","PC_PA","M","2019-08",2.06,
"USA","STINT","TOT","PC_PA","M","2019-09",2.03,
"USA","STINT","TOT","PC_PA","M","2019-10",1.88,
"USA","STINT","TOT","PC_PA","M","2019-11",1.77,
"USA","STINT","TOT","PC_PA","M","2019-12",1.76,
"USA","STINT","TOT","PC_PA","M","2020-01",1.65,
"USA","STINT","TOT","PC_PA","M","2020-02",1.59,
"USA","STINT","TOT","PC_PA","M","2020-03",1.35,
"USA","STINT","TOT","PC_PA","M","2020-05",0.17,
"USA","STINT","TOT","PC_PA","M","2020-06",0.2,
"USA","STINT","TOT","PC_PA","M","2020-07",0.18,
"USA","STINT","TOT","PC_PA","M","2020-08",0.15,
"USA","STINT","TOT","PC_PA","M","2020-09",0.13,
"USA","STINT","TOT","PC_PA","M","2020-10",0.12,
"USA","STINT","TOT","PC_PA","M","2020-11",0.16,
"USA","STINT","TOT","PC_PA","M","2020-12",0.17,
"USA","STINT","TOT","PC_PA","M","2021-01",0.14,
"USA","STINT","TOT","PC_PA","M","2021-02",0.11,
"USA","STINT","TOT","PC_PA","M","2021-03",0.1,
"USA","STINT","TOT","PC_PA","M","2021-04",0.11,
"USA","STINT","TOT","PC_PA","M","2021-05",0.1,
"USA","STINT","TOT","PC_PA","M","2021-06",0.09,
"GBR","STINT","TOT","PC_PA","M","1998-04",7.53533,
"GBR","STINT","TOT","PC_PA","M","1998-05",7.4881,
"GBR","STINT","TOT","PC_PA","M","1998-06",7.71396,
"GBR","STINT","TOT","PC_PA","M","1998-07",7.80622,
"GBR","STINT","TOT","PC_PA","M","1998-08",7.72824,
"GBR","STINT","TOT","PC_PA","M","1998-09",7.46768,
"GBR","STINT","TOT","PC_PA","M","1998-10",7.22061,
"GBR","STINT","TOT","PC_PA","M","1998-11",6.97448,
"GBR","STINT","TOT","PC_PA","M","1998-12",6.46034,
"GBR","STINT","TOT","PC_PA","M","1999-01",5.92171,
"GBR","STINT","TOT","PC_PA","M","1999-02",5.53197,
"GBR","STINT","TOT","PC_PA","M","1999-03",5.42287,
"GBR","STINT","TOT","PC_PA","M","1999-04",5.31773,
"GBR","STINT","TOT","PC_PA","M","1999-05",5.34875,
"GBR","STINT","TOT","PC_PA","M","1999-06",5.22114,
"GBR","STINT","TOT","PC_PA","M","1999-07",5.16688,
"GBR","STINT","TOT","PC_PA","M","1999-08",5.25409,
"GBR","STINT","TOT","PC_PA","M","1999-09",5.4107,
"GBR","STINT","TOT","PC_PA","M","1999-10",6.02564,
"GBR","STINT","TOT","PC_PA","M","1999-11",5.8725,
"GBR","STINT","TOT","PC_PA","M","1999-12",6.05531,
"GBR","STINT","TOT","PC_PA","M","2000-01",6.13632,
"GBR","STINT","TOT","PC_PA","M","2000-02",6.23781,
"GBR","STINT","TOT","PC_PA","M","2000-03",6.22838,
"GBR","STINT","TOT","PC_PA","M","2000-04",6.29647,
"GBR","STINT","TOT","PC_PA","M","2000-05",6.30356,
"GBR","STINT","TOT","PC_PA","M","2000-06",6.22682,
"GBR","STINT","TOT","PC_PA","M","2000-07",6.19247,
"GBR","STINT","TOT","PC_PA","M","2000-08",6.21754,
"GBR","STINT","TOT","PC_PA","M","2000-09",6.20569,
"GBR","STINT","TOT","PC_PA","M","2000-10",6.16274,
"GBR","STINT","TOT","PC_PA","M","2000-11",6.08629,
"GBR","STINT","TOT","PC_PA","M","2000-12",5.95539,
"GBR","STINT","TOT","PC_PA","M","2001-01",5.84578,
"GBR","STINT","TOT","PC_PA","M","2001-02",5.75655,
"GBR","STINT","TOT","PC_PA","M","2001-03",5.55126,
"GBR","STINT","TOT","PC_PA","M","2001-04",5.40449,
"GBR","STINT","TOT","PC_PA","M","2001-05",5.24858,
"GBR","STINT","TOT","PC_PA","M","2001-06",5.25854,
"GBR","STINT","TOT","PC_PA","M","2001-07",5.25436,
"GBR","STINT","TOT","PC_PA","M","2001-08",4.99658,
"GBR","STINT","TOT","PC_PA","M","2001-09",4.72946,
"GBR","STINT","TOT","PC_PA","M","2001-10",4.42821,
"GBR","STINT","TOT","PC_PA","M","2001-11",3.99675,
"GBR","STINT","TOT","PC_PA","M","2001-12",4.0506,
"GBR","STINT","TOT","PC_PA","M","2002-01",4.04677,
"GBR","STINT","TOT","PC_PA","M","2002-02",4.05268,
"GBR","STINT","TOT","PC_PA","M","2002-03",4.13055,
"GBR","STINT","TOT","PC_PA","M","2002-04",4.17319,
"GBR","STINT","TOT","PC_PA","M","2002-05",4.1537,
"GBR","STINT","TOT","PC_PA","M","2002-06",4.17758,
"GBR","STINT","TOT","PC_PA","M","2002-07",4.06054,
"GBR","STINT","TOT","PC_PA","M","2002-08",3.98654,
"GBR","STINT","TOT","PC_PA","M","2002-09",3.98872,
"GBR","STINT","TOT","PC_PA","M","2002-10",3.96401,
"GBR","STINT","TOT","PC_PA","M","2002-11",3.97142,
"GBR","STINT","TOT","PC_PA","M","2002-12",4.01777,
"GBR","STINT","TOT","PC_PA","M","2003-01",3.98263,
"GBR","STINT","TOT","PC_PA","M","2003-02",3.75425,
"GBR","STINT","TOT","PC_PA","M","2003-03",3.65503,
"GBR","STINT","TOT","PC_PA","M","2003-04",3.64598,
"GBR","STINT","TOT","PC_PA","M","2003-05",3.63252,
"GBR","STINT","TOT","PC_PA","M","2003-06",3.63966,
"GBR","STINT","TOT","PC_PA","M","2003-07",3.49022,
"GBR","STINT","TOT","PC_PA","M","2003-08",3.52249,
"GBR","STINT","TOT","PC_PA","M","2003-09",3.6967,
"GBR","STINT","TOT","PC_PA","M","2003-10",3.80338,
"GBR","STINT","TOT","PC_PA","M","2003-11",3.98043,
"GBR","STINT","TOT","PC_PA","M","2003-12",4.01864,
"GBR","STINT","TOT","PC_PA","M","2004-01",4.05531,
"GBR","STINT","TOT","PC_PA","M","2004-02",4.16654,
"GBR","STINT","TOT","PC_PA","M","2004-03",4.29673,
"GBR","STINT","TOT","PC_PA","M","2004-04",4.39472,
"GBR","STINT","TOT","PC_PA","M","2004-05",4.52872,
"GBR","STINT","TOT","PC_PA","M","2004-06",4.78974,
"GBR","STINT","TOT","PC_PA","M","2004-07",4.85702,
"GBR","STINT","TOT","PC_PA","M","2004-08",4.96284,
"GBR","STINT","TOT","PC_PA","M","2004-09",4.9469,
"GBR","STINT","TOT","PC_PA","M","2004-10",4.90071,
"GBR","STINT","TOT","PC_PA","M","2004-11",4.88359,
"GBR","STINT","TOT","PC_PA","M","2004-12",4.87103,
"GBR","STINT","TOT","PC_PA","M","2005-01",4.87316,
"GBR","STINT","TOT","PC_PA","M","2005-02",4.89069,
"GBR","STINT","TOT","PC_PA","M","2005-03",4.98736,
"GBR","STINT","TOT","PC_PA","M","2005-04",4.94336,
"GBR","STINT","TOT","PC_PA","M","2005-05",4.89375,
"GBR","STINT","TOT","PC_PA","M","2005-06",4.84144,
"GBR","STINT","TOT","PC_PA","M","2005-07",4.65794,
"GBR","STINT","TOT","PC_PA","M","2005-08",4.59465,
"GBR","STINT","TOT","PC_PA","M","2005-09",4.59686,
"GBR","STINT","TOT","PC_PA","M","2005-10",4.58701,
"GBR","STINT","TOT","PC_PA","M","2005-11",4.61847,
"GBR","STINT","TOT","PC_PA","M","2005-12",4.63732,
"GBR","STINT","TOT","PC_PA","M","2006-01",4.60368,
"GBR","STINT","TOT","PC_PA","M","2006-02",4.58199,
"GBR","STINT","TOT","PC_PA","M","2006-03",4.58741,
"GBR","STINT","TOT","PC_PA","M","2006-04",4.6296,
"GBR","STINT","TOT","PC_PA","M","2006-05",4.7015,
"GBR","STINT","TOT","PC_PA","M","2006-06",4.73498,
"GBR","STINT","TOT","PC_PA","M","2006-07",4.73322,
"GBR","STINT","TOT","PC_PA","M","2006-08",4.94425,
"GBR","STINT","TOT","PC_PA","M","2006-09",5.02501,
"GBR","STINT","TOT","PC_PA","M","2006-10",5.13176,
"GBR","STINT","TOT","PC_PA","M","2006-11",5.22544,
"GBR","STINT","TOT","PC_PA","M","2006-12",5.29167,
"GBR","STINT","TOT","PC_PA","M","2007-01",5.48623,
"GBR","STINT","TOT","PC_PA","M","2007-02",5.5657,
"GBR","STINT","TOT","PC_PA","M","2007-03",5.54946,
"GBR","STINT","TOT","PC_PA","M","2007-04",5.64899,
"GBR","STINT","TOT","PC_PA","M","2007-05",5.76742,
"GBR","STINT","TOT","PC_PA","M","2007-06",5.88018,
"GBR","STINT","TOT","PC_PA","M","2007-07",6.02396,
"GBR","STINT","TOT","PC_PA","M","2007-08",6.41946,
"GBR","STINT","TOT","PC_PA","M","2007-09",6.64694,
"GBR","STINT","TOT","PC_PA","M","2007-10",6.27014,
"GBR","STINT","TOT","PC_PA","M","2007-11",6.40858,
"GBR","STINT","TOT","PC_PA","M","2007-12",6.35943,
"GBR","STINT","TOT","PC_PA","M","2008-01",5.65965,
"GBR","STINT","TOT","PC_PA","M","2008-02",5.64202,
"GBR","STINT","TOT","PC_PA","M","2008-03",5.89929,
"GBR","STINT","TOT","PC_PA","M","2008-04",5.91881,
"GBR","STINT","TOT","PC_PA","M","2008-05",5.82639,
"GBR","STINT","TOT","PC_PA","M","2008-06",5.92944,
"GBR","STINT","TOT","PC_PA","M","2008-07",5.8322,
"GBR","STINT","TOT","PC_PA","M","2008-08",5.76619,
"GBR","STINT","TOT","PC_PA","M","2008-09",5.9106,
"GBR","STINT","TOT","PC_PA","M","2008-10",6.13304,
"GBR","STINT","TOT","PC_PA","M","2008-11",4.44684,
"GBR","STINT","TOT","PC_PA","M","2008-12",3.17247,
"GBR","STINT","TOT","PC_PA","M","2009-01",2.34276,
"GBR","STINT","TOT","PC_PA","M","2009-02",2.09038,
"GBR","STINT","TOT","PC_PA","M","2009-03",1.83139,
"GBR","STINT","TOT","PC_PA","M","2009-04",1.53413,
"GBR","STINT","TOT","PC_PA","M","2009-05",1.35795,
"GBR","STINT","TOT","PC_PA","M","2009-06",1.24117,
"GBR","STINT","TOT","PC_PA","M","2009-07",1.00113,
"GBR","STINT","TOT","PC_PA","M","2009-08",0.77369,
"GBR","STINT","TOT","PC_PA","M","2009-09",0.6056,
"GBR","STINT","TOT","PC_PA","M","2009-10",0.57087,
"GBR","STINT","TOT","PC_PA","M","2009-11",0.60936,
"GBR","STINT","TOT","PC_PA","M","2009-12",0.60541,
"GBR","STINT","TOT","PC_PA","M","2010-01",0.61265,
"GBR","STINT","TOT","PC_PA","M","2010-02",0.6331,
"GBR","STINT","TOT","PC_PA","M","2010-03",0.64549,
"GBR","STINT","TOT","PC_PA","M","2010-04",0.65592,
"GBR","STINT","TOT","PC_PA","M","2010-05",0.69713,
"GBR","STINT","TOT","PC_PA","M","2010-06",0.72839,
"GBR","STINT","TOT","PC_PA","M","2010-07",0.73603,
"GBR","STINT","TOT","PC_PA","M","2010-08",0.73296,
"GBR","STINT","TOT","PC_PA","M","2010-09",0.72859,
"GBR","STINT","TOT","PC_PA","M","2010-10",0.7384,
"GBR","STINT","TOT","PC_PA","M","2010-11",0.73901,
"GBR","STINT","TOT","PC_PA","M","2010-12",0.74962,
"GBR","STINT","TOT","PC_PA","M","2011-01",0.76866,
"GBR","STINT","TOT","PC_PA","M","2011-02",0.79962,
"GBR","STINT","TOT","PC_PA","M","2011-03",0.80913,
"GBR","STINT","TOT","PC_PA","M","2011-04",0.82096,
"GBR","STINT","TOT","PC_PA","M","2011-05",0.82344,
"GBR","STINT","TOT","PC_PA","M","2011-06",0.82512,
"GBR","STINT","TOT","PC_PA","M","2011-07",0.8289,
"GBR","STINT","TOT","PC_PA","M","2011-08",0.85782,
"GBR","STINT","TOT","PC_PA","M","2011-09",0.9181,
"GBR","STINT","TOT","PC_PA","M","2011-10",0.96991,
"GBR","STINT","TOT","PC_PA","M","2011-11",1.01182,
"GBR","STINT","TOT","PC_PA","M","2011-12",1.06148,
"GBR","STINT","TOT","PC_PA","M","2012-01",1.08709,
"GBR","STINT","TOT","PC_PA","M","2012-02",1.07249,
"GBR","STINT","TOT","PC_PA","M","2012-03",1.03757,
"GBR","STINT","TOT","PC_PA","M","2012-04",1.01792,
"GBR","STINT","TOT","PC_PA","M","2012-05",1.005,
"GBR","STINT","TOT","PC_PA","M","2012-06",0.94978,
"GBR","STINT","TOT","PC_PA","M","2012-07",0.81735,
"GBR","STINT","TOT","PC_PA","M","2012-08",0.70481,
"GBR","STINT","TOT","PC_PA","M","2012-09",0.64803,
"GBR","STINT","TOT","PC_PA","M","2012-10",0.54397,
"GBR","STINT","TOT","PC_PA","M","2012-11",0.52452,
"GBR","STINT","TOT","PC_PA","M","2012-12",0.51848,
"GBR","STINT","TOT","PC_PA","M","2013-01",0.51228,
"GBR","STINT","TOT","PC_PA","M","2013-02",0.50988,
"GBR","STINT","TOT","PC_PA","M","2013-03",0.50688,
"GBR","STINT","TOT","PC_PA","M","2013-04",0.50557,
"GBR","STINT","TOT","PC_PA","M","2013-05",0.50563,
"GBR","STINT","TOT","PC_PA","M","2013-06",0.50794,
"GBR","STINT","TOT","PC_PA","M","2013-07",0.50944,
"GBR","STINT","TOT","PC_PA","M","2013-08",0.51262,
"GBR","STINT","TOT","PC_PA","M","2013-09",0.51688,
"GBR","STINT","TOT","PC_PA","M","2013-10",0.51663,
"GBR","STINT","TOT","PC_PA","M","2013-11",0.52344,
"GBR","STINT","TOT","PC_PA","M","2013-12",0.52474,
"GBR","STINT","TOT","PC_PA","M","2014-01",0.52093,
"GBR","STINT","TOT","PC_PA","M","2014-02",0.52153,
"GBR","STINT","TOT","PC_PA","M","2014-03",0.52157,
"GBR","STINT","TOT","PC_PA","M","2014-04",0.52665,
"GBR","STINT","TOT","PC_PA","M","2014-05",0.52744,
"GBR","STINT","TOT","PC_PA","M","2014-06",0.54394,
"GBR","STINT","TOT","PC_PA","M","2014-07",0.55641,
"GBR","STINT","TOT","PC_PA","M","2014-08",0.56119,
"GBR","STINT","TOT","PC_PA","M","2014-09",0.56291,
"GBR","STINT","TOT","PC_PA","M","2014-10",0.55836,
"GBR","STINT","TOT","PC_PA","M","2014-11",0.55628,
"GBR","STINT","TOT","PC_PA","M","2014-12",0.55818,
"GBR","STINT","TOT","PC_PA","M","2015-01",0.5626,
"GBR","STINT","TOT","PC_PA","M","2015-02",0.56363,
"GBR","STINT","TOT","PC_PA","M","2015-03",0.56436,
"GBR","STINT","TOT","PC_PA","M","2015-04",0.5695,
"GBR","STINT","TOT","PC_PA","M","2015-05",0.56798,
"GBR","STINT","TOT","PC_PA","M","2015-06",0.57188,
"GBR","STINT","TOT","PC_PA","M","2015-07",0.58084,
"GBR","STINT","TOT","PC_PA","M","2015-08",0.5867,
"GBR","STINT","TOT","PC_PA","M","2015-09",0.58576,
"GBR","STINT","TOT","PC_PA","M","2015-10",0.58006,
"GBR","STINT","TOT","PC_PA","M","2015-11",0.57371,
"GBR","STINT","TOT","PC_PA","M","2015-12",0.58277,
"GBR","STINT","TOT","PC_PA","M","2016-01",0.58976,
"GBR","STINT","TOT","PC_PA","M","2016-02",0.59073,
"GBR","STINT","TOT","PC_PA","M","2016-03",0.58825,
"GBR","STINT","TOT","PC_PA","M","2016-04",0.5889,
"GBR","STINT","TOT","PC_PA","M","2016-05",0.58929,
"GBR","STINT","TOT","PC_PA","M","2016-06",0.57468,
"GBR","STINT","TOT","PC_PA","M","2016-07",0.5136,
"GBR","STINT","TOT","PC_PA","M","2016-08",0.40613,
"GBR","STINT","TOT","PC_PA","M","2016-09",0.37907,
"GBR","STINT","TOT","PC_PA","M","2016-10",0.3975,
"GBR","STINT","TOT","PC_PA","M","2016-11",0.39773,
"GBR","STINT","TOT","PC_PA","M","2016-12",0.37226,
"GBR","STINT","TOT","PC_PA","M","2017-01",0.3621,
"GBR","STINT","TOT","PC_PA","M","2017-02",0.35674,
"GBR","STINT","TOT","PC_PA","M","2017-03",0.34567,
"GBR","STINT","TOT","PC_PA","M","2017-04",0.33513,
"GBR","STINT","TOT","PC_PA","M","2017-05",0.31081,
"GBR","STINT","TOT","PC_PA","M","2017-06",0.29442,
"GBR","STINT","TOT","PC_PA","M","2017-07",0.2931,
"GBR","STINT","TOT","PC_PA","M","2017-08",0.28119,
"GBR","STINT","TOT","PC_PA","M","2017-09",0.30911,
"GBR","STINT","TOT","PC_PA","M","2017-10",0.38187,
"GBR","STINT","TOT","PC_PA","M","2017-11",0.51857,
"GBR","STINT","TOT","PC_PA","M","2017-12",0.51871,
"GBR","STINT","TOT","PC_PA","M","2018-01",0.5225,
"GBR","STINT","TOT","PC_PA","M","2018-02",0.54683,
"GBR","STINT","TOT","PC_PA","M","2018-03",0.62842,
"GBR","STINT","TOT","PC_PA","M","2018-04",0.75629,
"GBR","STINT","TOT","PC_PA","M","2018-05",0.64355,
"GBR","STINT","TOT","PC_PA","M","2018-06",0.63868,
"GBR","STINT","TOT","PC_PA","M","2018-07",0.74619,
"GBR","STINT","TOT","PC_PA","M","2018-08",0.80519,
"GBR","STINT","TOT","PC_PA","M","2018-09",0.80093,
"GBR","STINT","TOT","PC_PA","M","2018-10",0.80618,
"GBR","STINT","TOT","PC_PA","M","2018-11",0.87483,
"GBR","STINT","TOT","PC_PA","M","2018-12",0.90444,
"GBR","STINT","TOT","PC_PA","M","2019-01",0.91822,
"GBR","STINT","TOT","PC_PA","M","2019-02",0.87598,
"GBR","STINT","TOT","PC_PA","M","2019-03",0.84,
"GBR","STINT","TOT","PC_PA","M","2019-04",0.82,
"GBR","STINT","TOT","PC_PA","M","2019-05",0.8,
"GBR","STINT","TOT","PC_PA","M","2019-06",0.78,
"GBR","STINT","TOT","PC_PA","M","2019-07",0.77,
"GBR","STINT","TOT","PC_PA","M","2019-08",0.76,
"GBR","STINT","TOT","PC_PA","M","2019-09",0.77,
"GBR","STINT","TOT","PC_PA","M","2019-10",0.78,
"GBR","STINT","TOT","PC_PA","M","2019-11",0.79,
"GBR","STINT","TOT","PC_PA","M","2019-12",0.79,
"GBR","STINT","TOT","PC_PA","M","2020-01",0.74,
"GBR","STINT","TOT","PC_PA","M","2020-02",0.75,
"GBR","STINT","TOT","PC_PA","M","2020-03",0.53,
"GBR","STINT","TOT","PC_PA","M","2020-04",0.65,
"GBR","STINT","TOT","PC_PA","M","2020-05",0.33,
"GBR","STINT","TOT","PC_PA","M","2020-06",0.19,
"GBR","STINT","TOT","PC_PA","M","2020-07",0.1,
"GBR","STINT","TOT","PC_PA","M","2020-08",0.07,
"GBR","STINT","TOT","PC_PA","M","2020-09",0.06,
"GBR","STINT","TOT","PC_PA","M","2020-10",0.05,
"GBR","STINT","TOT","PC_PA","M","2020-11",0.04,
"GBR","STINT","TOT","PC_PA","M","2020-12",0.03,
"GBR","STINT","TOT","PC_PA","M","2021-01",0.03,
"GBR","STINT","TOT","PC_PA","M","2021-02",0.05,
"GBR","STINT","TOT","PC_PA","M","2021-03",0.08,
"GBR","STINT","TOT","PC_PA","M","2021-04",0.09,
"GBR","STINT","TOT","PC_PA","M","2021-05",0.08,
"GBR","STINT","TOT","PC_PA","M","2021-06",0.08,
"JPN","STINT","TOT","PC_PA","M","2002-04",0.1,
"JPN","STINT","TOT","PC_PA","M","2002-05",0.08,
"JPN","STINT","TOT","PC_PA","M","2002-06",0.09,
"JPN","STINT","TOT","PC_PA","M","2002-07",0.09,
"JPN","STINT","TOT","PC_PA","M","2002-08",0.07,
"JPN","STINT","TOT","PC_PA","M","2002-09",0.08,
"JPN","STINT","TOT","PC_PA","M","2002-10",0.08,
"JPN","STINT","TOT","PC_PA","M","2002-11",0.08,
"JPN","STINT","TOT","PC_PA","M","2002-12",0.1,
"JPN","STINT","TOT","PC_PA","M","2003-01",0.1,
"JPN","STINT","TOT","PC_PA","M","2003-02",0.09,
"JPN","STINT","TOT","PC_PA","M","2003-03",0.08,
"JPN","STINT","TOT","PC_PA","M","2003-04",0.08,
"JPN","STINT","TOT","PC_PA","M","2003-05",0.08,
"JPN","STINT","TOT","PC_PA","M","2003-06",0.09,
"JPN","STINT","TOT","PC_PA","M","2003-07",0.09,
"JPN","STINT","TOT","PC_PA","M","2003-08",0.09,
"JPN","STINT","TOT","PC_PA","M","2003-09",0.09,
"JPN","STINT","TOT","PC_PA","M","2003-10",0.09,
"JPN","STINT","TOT","PC_PA","M","2003-11",0.08,
"JPN","STINT","TOT","PC_PA","M","2003-12",0.1,
"JPN","STINT","TOT","PC_PA","M","2004-01",0.09,
"JPN","STINT","TOT","PC_PA","M","2004-02",0.09,
"JPN","STINT","TOT","PC_PA","M","2004-03",0.08,
"JPN","STINT","TOT","PC_PA","M","2004-04",0.08,
"JPN","STINT","TOT","PC_PA","M","2004-05",0.08,
"JPN","STINT","TOT","PC_PA","M","2004-06",0.09,
"JPN","STINT","TOT","PC_PA","M","2004-07",0.09,
"JPN","STINT","TOT","PC_PA","M","2004-08",0.09,
"JPN","STINT","TOT","PC_PA","M","2004-09",0.09,
"JPN","STINT","TOT","PC_PA","M","2004-10",0.09,
"JPN","STINT","TOT","PC_PA","M","2004-11",0.09,
"JPN","STINT","TOT","PC_PA","M","2004-12",0.1,
"JPN","STINT","TOT","PC_PA","M","2005-01",0.1,
"JPN","STINT","TOT","PC_PA","M","2005-02",0.1,
"JPN","STINT","TOT","PC_PA","M","2005-03",0.08,
"JPN","STINT","TOT","PC_PA","M","2005-04",0.08,
"JPN","STINT","TOT","PC_PA","M","2005-05",0.08,
"JPN","STINT","TOT","PC_PA","M","2005-06",0.09,
"JPN","STINT","TOT","PC_PA","M","2005-07",0.09,
"JPN","STINT","TOT","PC_PA","M","2005-08",0.09,
"JPN","STINT","TOT","PC_PA","M","2005-09",0.09,
"JPN","STINT","TOT","PC_PA","M","2005-10",0.09,
"JPN","STINT","TOT","PC_PA","M","2005-11",0.09,
"JPN","STINT","TOT","PC_PA","M","2005-12",0.1,
"JPN","STINT","TOT","PC_PA","M","2006-01",0.1036,
"JPN","STINT","TOT","PC_PA","M","2006-02",0.11,
"JPN","STINT","TOT","PC_PA","M","2006-03",0.1255,
"JPN","STINT","TOT","PC_PA","M","2006-04",0.14,
"JPN","STINT","TOT","PC_PA","M","2006-05",0.27,
"JPN","STINT","TOT","PC_PA","M","2006-06",0.35,
"JPN","STINT","TOT","PC_PA","M","2006-07",0.44,
"JPN","STINT","TOT","PC_PA","M","2006-08",0.432,
"JPN","STINT","TOT","PC_PA","M","2006-09",0.436,
"JPN","STINT","TOT","PC_PA","M","2006-10",0.447,
"JPN","STINT","TOT","PC_PA","M","2006-11",0.502,
"JPN","STINT","TOT","PC_PA","M","2006-12",0.54,
"JPN","STINT","TOT","PC_PA","M","2007-01",0.54,
"JPN","STINT","TOT","PC_PA","M","2007-02",0.66,
"JPN","STINT","TOT","PC_PA","M","2007-03",0.66,
"JPN","STINT","TOT","PC_PA","M","2007-04",0.65,
"JPN","STINT","TOT","PC_PA","M","2007-05",0.67,
"JPN","STINT","TOT","PC_PA","M","2007-06",0.73,
"JPN","STINT","TOT","PC_PA","M","2007-07",0.77,
"JPN","STINT","TOT","PC_PA","M","2007-08",0.84,
"JPN","STINT","TOT","PC_PA","M","2007-09",0.85,
"JPN","STINT","TOT","PC_PA","M","2007-10",0.85,
"JPN","STINT","TOT","PC_PA","M","2007-11",0.87,
"JPN","STINT","TOT","PC_PA","M","2007-12",0.86,
"JPN","STINT","TOT","PC_PA","M","2008-01",0.85,
"JPN","STINT","TOT","PC_PA","M","2008-02",0.85,
"JPN","STINT","TOT","PC_PA","M","2008-03",0.84,
"JPN","STINT","TOT","PC_PA","M","2008-04",0.84,
"JPN","STINT","TOT","PC_PA","M","2008-05",0.84,
"JPN","STINT","TOT","PC_PA","M","2008-06",0.86,
"JPN","STINT","TOT","PC_PA","M","2008-07",0.85,
"JPN","STINT","TOT","PC_PA","M","2008-08",0.85,
"JPN","STINT","TOT","PC_PA","M","2008-09",0.87,
"JPN","STINT","TOT","PC_PA","M","2008-10",0.89,
"JPN","STINT","TOT","PC_PA","M","2008-11",0.88,
"JPN","STINT","TOT","PC_PA","M","2008-12",0.74,
"JPN","STINT","TOT","PC_PA","M","2009-01",0.72,
"JPN","STINT","TOT","PC_PA","M","2009-02",0.71,
"JPN","STINT","TOT","PC_PA","M","2009-03",0.65,
"JPN","STINT","TOT","PC_PA","M","2009-04",0.6,
"JPN","STINT","TOT","PC_PA","M","2009-05",0.57,
"JPN","STINT","TOT","PC_PA","M","2009-06",0.56,
"JPN","STINT","TOT","PC_PA","M","2009-07",0.55,
"JPN","STINT","TOT","PC_PA","M","2009-08",0.54,
"JPN","STINT","TOT","PC_PA","M","2009-09",0.54,
"JPN","STINT","TOT","PC_PA","M","2009-10",0.53,
"JPN","STINT","TOT","PC_PA","M","2009-11",0.51,
"JPN","STINT","TOT","PC_PA","M","2009-12",0.46,
"JPN","STINT","TOT","PC_PA","M","2010-01",0.45,
"JPN","STINT","TOT","PC_PA","M","2010-02",0.44,
"JPN","STINT","TOT","PC_PA","M","2010-03",0.43,
"JPN","STINT","TOT","PC_PA","M","2010-04",0.4,
"JPN","STINT","TOT","PC_PA","M","2010-05",0.39,
"JPN","STINT","TOT","PC_PA","M","2010-06",0.38,
"JPN","STINT","TOT","PC_PA","M","2010-07",0.37,
"JPN","STINT","TOT","PC_PA","M","2010-08",0.36,
"JPN","STINT","TOT","PC_PA","M","2010-09",0.36,
"JPN","STINT","TOT","PC_PA","M","2010-10",0.34,
"JPN","STINT","TOT","PC_PA","M","2010-11",0.34,
"JPN","STINT","TOT","PC_PA","M","2010-12",0.34,
"JPN","STINT","TOT","PC_PA","M","2011-01",0.34,
"JPN","STINT","TOT","PC_PA","M","2011-02",0.34,
"JPN","STINT","TOT","PC_PA","M","2011-03",0.33615,
"JPN","STINT","TOT","PC_PA","M","2011-04",0.33286,
"JPN","STINT","TOT","PC_PA","M","2011-05",0.33214,
"JPN","STINT","TOT","PC_PA","M","2011-06",0.33214,
"JPN","STINT","TOT","PC_PA","M","2011-07",0.33214,
"JPN","STINT","TOT","PC_PA","M","2011-08",0.32857,
"JPN","STINT","TOT","PC_PA","M","2011-09",0.32929,
"JPN","STINT","TOT","PC_PA","M","2011-10",0.32929,
"JPN","STINT","TOT","PC_PA","M","2011-11",0.32929,
"JPN","STINT","TOT","PC_PA","M","2011-12",0.32929,
"JPN","STINT","TOT","PC_PA","M","2012-01",0.33077,
"JPN","STINT","TOT","PC_PA","M","2012-02",0.33167,
"JPN","STINT","TOT","PC_PA","M","2012-03",0.33167,
"JPN","STINT","TOT","PC_PA","M","2012-04",0.33167,
"JPN","STINT","TOT","PC_PA","M","2012-05",0.33167,
"JPN","STINT","TOT","PC_PA","M","2012-06",0.33455,
"JPN","STINT","TOT","PC_PA","M","2012-07",0.32727,
"JPN","STINT","TOT","PC_PA","M","2012-08",0.32727,
"JPN","STINT","TOT","PC_PA","M","2012-09",0.32727,
"JPN","STINT","TOT","PC_PA","M","2012-10",0.32636,
"JPN","STINT","TOT","PC_PA","M","2012-11",0.31818,
"JPN","STINT","TOT","PC_PA","M","2012-12",0.30818,
"JPN","STINT","TOT","PC_PA","M","2013-01",0.29182,
"JPN","STINT","TOT","PC_PA","M","2013-02",0.26909,
"JPN","STINT","TOT","PC_PA","M","2013-03",0.25,
"JPN","STINT","TOT","PC_PA","M","2013-04",0.22818,
"JPN","STINT","TOT","PC_PA","M","2013-05",0.22818,
"JPN","STINT","TOT","PC_PA","M","2013-06",0.22818,
"JPN","STINT","TOT","PC_PA","M","2013-07",0.228,
"JPN","STINT","TOT","PC_PA","M","2013-08",0.228,
"JPN","STINT","TOT","PC_PA","M","2013-09",0.228,
"JPN","STINT","TOT","PC_PA","M","2013-10",0.221,
"JPN","STINT","TOT","PC_PA","M","2013-11",0.22,
"JPN","STINT","TOT","PC_PA","M","2013-12",0.22,
"JPN","STINT","TOT","PC_PA","M","2014-01",0.22,
"JPN","STINT","TOT","PC_PA","M","2014-02",0.212,
"JPN","STINT","TOT","PC_PA","M","2014-03",0.212,
"JPN","STINT","TOT","PC_PA","M","2014-04",0.212,
"JPN","STINT","TOT","PC_PA","M","2014-05",0.21,
"JPN","STINT","TOT","PC_PA","M","2014-06",0.21,
"JPN","STINT","TOT","PC_PA","M","2014-07",0.21,
"JPN","STINT","TOT","PC_PA","M","2014-08",0.21,
"JPN","STINT","TOT","PC_PA","M","2014-09",0.21,
"JPN","STINT","TOT","PC_PA","M","2014-10",0.192,
"JPN","STINT","TOT","PC_PA","M","2014-11",0.182,
"JPN","STINT","TOT","PC_PA","M","2014-12",0.179,
"JPN","STINT","TOT","PC_PA","M","2015-01",0.173,
"JPN","STINT","TOT","PC_PA","M","2015-02",0.171,
"JPN","STINT","TOT","PC_PA","M","2015-03",0.17,
"JPN","STINT","TOT","PC_PA","M","2015-04",0.17,
"JPN","STINT","TOT","PC_PA","M","2015-05",0.169,
"JPN","STINT","TOT","PC_PA","M","2015-06",0.169,
"JPN","STINT","TOT","PC_PA","M","2015-07",0.169,
"JPN","STINT","TOT","PC_PA","M","2015-08",0.169,
"JPN","STINT","TOT","PC_PA","M","2015-09",0.169,
"JPN","STINT","TOT","PC_PA","M","2015-10",0.169,
"JPN","STINT","TOT","PC_PA","M","2015-11",0.169,
"JPN","STINT","TOT","PC_PA","M","2015-12",0.169,
"JPN","STINT","TOT","PC_PA","M","2016-01",0.169,
"JPN","STINT","TOT","PC_PA","M","2016-02",0.098,
"JPN","STINT","TOT","PC_PA","M","2016-03",0.098,
"JPN","STINT","TOT","PC_PA","M","2016-04",0.06,
"JPN","STINT","TOT","PC_PA","M","2016-05",0.06,
"JPN","STINT","TOT","PC_PA","M","2016-06",0.059,
"JPN","STINT","TOT","PC_PA","M","2016-07",0.058,
"JPN","STINT","TOT","PC_PA","M","2016-08",0.058,
"JPN","STINT","TOT","PC_PA","M","2016-09",0.056,
"JPN","STINT","TOT","PC_PA","M","2016-10",0.056,
"JPN","STINT","TOT","PC_PA","M","2016-11",0.056,
"JPN","STINT","TOT","PC_PA","M","2016-12",0.056,
"JPN","STINT","TOT","PC_PA","M","2017-01",0.056,
"JPN","STINT","TOT","PC_PA","M","2017-02",0.056,
"JPN","STINT","TOT","PC_PA","M","2017-03",0.056,
"JPN","STINT","TOT","PC_PA","M","2017-04",0.056,
"JPN","STINT","TOT","PC_PA","M","2017-05",0.056,
"JPN","STINT","TOT","PC_PA","M","2017-06",0.056,
"JPN","STINT","TOT","PC_PA","M","2017-07",0.075,
"JPN","STINT","TOT","PC_PA","M","2017-08",0.056,
"JPN","STINT","TOT","PC_PA","M","2017-09",0.056,
"JPN","STINT","TOT","PC_PA","M","2017-10",0.063,
"JPN","STINT","TOT","PC_PA","M","2017-11",0.063,
"JPN","STINT","TOT","PC_PA","M","2017-12",0.063,
"JPN","STINT","TOT","PC_PA","M","2018-01",0.068,
"JPN","STINT","TOT","PC_PA","M","2018-02",0.068,
"JPN","STINT","TOT","PC_PA","M","2018-03",0.097,
"JPN","STINT","TOT","PC_PA","M","2018-04",0.097,
"JPN","STINT","TOT","PC_PA","M","2018-05",0.078,
"JPN","STINT","TOT","PC_PA","M","2018-06",0.078,
"JPN","STINT","TOT","PC_PA","M","2018-07",0.091,
"JPN","STINT","TOT","PC_PA","M","2018-08",0.091,
"JPN","STINT","TOT","PC_PA","M","2018-09",0.05,
"JPN","STINT","TOT","PC_PA","M","2018-10",0.05,
"JPN","STINT","TOT","PC_PA","M","2018-11",0.05,
"JPN","STINT","TOT","PC_PA","M","2018-12",0.05,
"JPN","STINT","TOT","PC_PA","M","2019-01",0.03,
"JPN","STINT","TOT","PC_PA","M","2019-02",0.03,
"JPN","STINT","TOT","PC_PA","M","2019-03",0.05,
"JPN","STINT","TOT","PC_PA","M","2019-04",0.05,
"JPN","STINT","TOT","PC_PA","M","2019-05",0.049,
"JPN","STINT","TOT","PC_PA","M","2019-06",0.049,
"JPN","STINT","TOT","PC_PA","M","2019-07",0.049,
"JPN","STINT","TOT","PC_PA","M","2019-08",0.009,
"JPN","STINT","TOT","PC_PA","M","2019-09",0.009,
"JPN","STINT","TOT","PC_PA","M","2019-10",0.009,
"JPN","STINT","TOT","PC_PA","M","2019-11",0.018,
"JPN","STINT","TOT","PC_PA","M","2019-12",0.021,
"JPN","STINT","TOT","PC_PA","M","2020-01",0.021,
"JPN","STINT","TOT","PC_PA","M","2020-02",0.021,
"JPN","STINT","TOT","PC_PA","M","2020-03",0.006,
"JPN","STINT","TOT","PC_PA","M","2020-04",-0.039,
"JPN","STINT","TOT","PC_PA","M","2020-05",-0.042,
"JPN","STINT","TOT","PC_PA","M","2020-06",-0.042,
"JPN","STINT","TOT","PC_PA","M","2020-07",-0.065,
"JPN","STINT","TOT","PC_PA","M","2020-08",-0.065,
"JPN","STINT","TOT","PC_PA","M","2020-09",-0.055,
"JPN","STINT","TOT","PC_PA","M","2020-10",-0.055,
"JPN","STINT","TOT","PC_PA","M","2020-11",-0.055,
"JPN","STINT","TOT","PC_PA","M","2020-12",-0.055,
"JPN","STINT","TOT","PC_PA","M","2021-01",-0.055,
"JPN","STINT","TOT","PC_PA","M","2021-02",-0.055,
"JPN","STINT","TOT","PC_PA","M","2021-03",-0.065,
"JPN","STINT","TOT","PC_PA","M","2021-04",-0.065,
"JPN","STINT","TOT","PC_PA","M","2021-05",-0.065,
"CHN","STINT","TOT","PC_PA","M","1998-04",6.88,
"CHN","STINT","TOT","PC_PA","M","1998-05",7.4466,
"CHN","STINT","TOT","PC_PA","M","1998-06",6.9244,
"CHN","STINT","TOT","PC_PA","M","1998-07",5.9877,
"CHN","STINT","TOT","PC_PA","M","1998-08",6.752,
"CHN","STINT","TOT","PC_PA","M","1998-09",5.355,
"CHN","STINT","TOT","PC_PA","M","1998-10",5.2292,
"CHN","STINT","TOT","PC_PA","M","1998-11",6.7931,
"CHN","STINT","TOT","PC_PA","M","1998-12",4.8665,
"CHN","STINT","TOT","PC_PA","M","1999-01",4.5161,
"CHN","STINT","TOT","PC_PA","M","1999-02",6.2767,
"CHN","STINT","TOT","PC_PA","M","1999-03",4.3972,
"CHN","STINT","TOT","PC_PA","M","1999-04",4.3383,
"CHN","STINT","TOT","PC_PA","M","1999-05",4.2458,
"CHN","STINT","TOT","PC_PA","M","1999-06",3.4632,
"CHN","STINT","TOT","PC_PA","M","1999-07",2.8688,
"CHN","STINT","TOT","PC_PA","M","1999-08",2.8003,
"CHN","STINT","TOT","PC_PA","M","1999-09",2.7752,
"CHN","STINT","TOT","PC_PA","M","1999-10",2.7973,
"CHN","STINT","TOT","PC_PA","M","1999-11",2.7629,
"CHN","STINT","TOT","PC_PA","M","1999-12",2.6592,
"CHN","STINT","TOT","PC_PA","M","2000-01",2.7155,
"CHN","STINT","TOT","PC_PA","M","2000-02",2.7268,
"CHN","STINT","TOT","PC_PA","M","2000-03",2.6435,
"CHN","STINT","TOT","PC_PA","M","2000-04",2.6423,
"CHN","STINT","TOT","PC_PA","M","2000-05",2.5682,
"CHN","STINT","TOT","PC_PA","M","2000-06",2.4485,
"CHN","STINT","TOT","PC_PA","M","2000-07",2.5058,
"CHN","STINT","TOT","PC_PA","M","2000-08",2.4385,
"CHN","STINT","TOT","PC_PA","M","2000-09",2.4197,
"CHN","STINT","TOT","PC_PA","M","2000-10",2.4964,
"CHN","STINT","TOT","PC_PA","M","2000-11",2.3392,
"CHN","STINT","TOT","PC_PA","M","2000-12",3.2674,
"CHN","STINT","TOT","PC_PA","M","2001-01",2.8258,
"CHN","STINT","TOT","PC_PA","M","2001-02",2.8275,
"CHN","STINT","TOT","PC_PA","M","2001-03",2.6494,
"CHN","STINT","TOT","PC_PA","M","2001-04",2.5887,
"CHN","STINT","TOT","PC_PA","M","2001-05",2.5457,
"CHN","STINT","TOT","PC_PA","M","2001-06",2.5516,
"CHN","STINT","TOT","PC_PA","M","2001-07",2.4958,
"CHN","STINT","TOT","PC_PA","M","2001-08",2.4372,
"CHN","STINT","TOT","PC_PA","M","2001-09",2.3849,
"CHN","STINT","TOT","PC_PA","M","2001-10",2.3417,
"CHN","STINT","TOT","PC_PA","M","2001-11",2.3371,
"CHN","STINT","TOT","PC_PA","M","2001-12",2.2688,
"CHN","STINT","TOT","PC_PA","M","2002-01",2.2796,
"CHN","STINT","TOT","PC_PA","M","2002-02",2.1624,
"CHN","STINT","TOT","PC_PA","M","2002-03",2.0207,
"CHN","STINT","TOT","PC_PA","M","2002-04",1.99,
"CHN","STINT","TOT","PC_PA","M","2002-05",1.982,
"CHN","STINT","TOT","PC_PA","M","2002-06",1.97,
"CHN","STINT","TOT","PC_PA","M","2002-07",2.03,
"CHN","STINT","TOT","PC_PA","M","2002-08",2.12,
"CHN","STINT","TOT","PC_PA","M","2002-09",2.23,
"CHN","STINT","TOT","PC_PA","M","2002-10",2.34,
"CHN","STINT","TOT","PC_PA","M","2002-11",2.33,
"CHN","STINT","TOT","PC_PA","M","2002-12",2.37,
"CHN","STINT","TOT","PC_PA","M","2003-01",2.39,
"CHN","STINT","TOT","PC_PA","M","2003-02",2.31,
"CHN","STINT","TOT","PC_PA","M","2003-03",2.24,
"CHN","STINT","TOT","PC_PA","M","2003-04",2.17,
"CHN","STINT","TOT","PC_PA","M","2003-05",2.16,
"CHN","STINT","TOT","PC_PA","M","2003-06",2.28,
"CHN","STINT","TOT","PC_PA","M","2003-07",2.34,
"CHN","STINT","TOT","PC_PA","M","2003-08",2.36,
"CHN","STINT","TOT","PC_PA","M","2003-09",3.68,
"CHN","STINT","TOT","PC_PA","M","2003-10",3.45,
"CHN","STINT","TOT","PC_PA","M","2003-11",3.1,
"CHN","STINT","TOT","PC_PA","M","2003-12",2.94,
"CHN","STINT","TOT","PC_PA","M","2004-01",2.84,
"CHN","STINT","TOT","PC_PA","M","2004-02",2.33,
"CHN","STINT","TOT","PC_PA","M","2004-03",2.27,
"CHN","STINT","TOT","PC_PA","M","2004-04",2.61,
"CHN","STINT","TOT","PC_PA","M","2004-05",2.81,
"CHN","STINT","TOT","PC_PA","M","2004-06",3.11,
"CHN","STINT","TOT","PC_PA","M","2004-07",3.03,
"CHN","STINT","TOT","PC_PA","M","2004-08",3,
"CHN","STINT","TOT","PC_PA","M","2004-09",2.93,
"CHN","STINT","TOT","PC_PA","M","2004-10",2.94,
"CHN","STINT","TOT","PC_PA","M","2004-11",2.91,
"CHN","STINT","TOT","PC_PA","M","2004-12",2.73,
"CHN","STINT","TOT","PC_PA","M","2005-01",2.49,
"CHN","STINT","TOT","PC_PA","M","2005-02",2.38,
"CHN","STINT","TOT","PC_PA","M","2005-03",2.51,
"CHN","STINT","TOT","PC_PA","M","2005-04",2.21,
"CHN","STINT","TOT","PC_PA","M","2005-05",1.52,
"CHN","STINT","TOT","PC_PA","M","2005-06",1.5,
"CHN","STINT","TOT","PC_PA","M","2005-07",1.54,
"CHN","STINT","TOT","PC_PA","M","2005-08",1.49,
"CHN","STINT","TOT","PC_PA","M","2005-09",1.52,
"CHN","STINT","TOT","PC_PA","M","2005-10",1.83,
"CHN","STINT","TOT","PC_PA","M","2005-11",1.53,
"CHN","STINT","TOT","PC_PA","M","2005-12",1.77,
"CHN","STINT","TOT","PC_PA","M","2006-02",1.78,
"CHN","STINT","TOT","PC_PA","M","2006-03",1.89,
"CHN","STINT","TOT","PC_PA","M","2006-04",2.24,
"CHN","STINT","TOT","PC_PA","M","2006-05",2.27,
"CHN","STINT","TOT","PC_PA","M","2006-06",2.51,
"CHN","STINT","TOT","PC_PA","M","2006-07",3.12,
"CHN","STINT","TOT","PC_PA","M","2006-08",2.85,
"CHN","STINT","TOT","PC_PA","M","2006-09",2.72,
"CHN","STINT","TOT","PC_PA","M","2006-10",2.7,
"CHN","STINT","TOT","PC_PA","M","2006-11",2.98,
"CHN","STINT","TOT","PC_PA","M","2006-12",2.84,
"CHN","STINT","TOT","PC_PA","M","2007-01",2.63,
"CHN","STINT","TOT","PC_PA","M","2007-02",2.82,
"CHN","STINT","TOT","PC_PA","M","2007-03",2.63,
"CHN","STINT","TOT","PC_PA","M","2007-04",3.91,
"CHN","STINT","TOT","PC_PA","M","2007-05",3.58,
"CHN","STINT","TOT","PC_PA","M","2007-06",3.14,
"CHN","STINT","TOT","PC_PA","M","2007-07",3.14,
"CHN","STINT","TOT","PC_PA","M","2007-08",3.2,
"CHN","STINT","TOT","PC_PA","M","2007-09",3.64,
"CHN","STINT","TOT","PC_PA","M","2007-10",3.88,
"CHN","STINT","TOT","PC_PA","M","2007-11",5.02,
"CHN","STINT","TOT","PC_PA","M","2007-12",4.55,
"CHN","STINT","TOT","PC_PA","M","2008-01",4.27,
"CHN","STINT","TOT","PC_PA","M","2008-02",4.26,
"CHN","STINT","TOT","PC_PA","M","2008-03",4.39,
"CHN","STINT","TOT","PC_PA","M","2008-04",4.51,
"CHN","STINT","TOT","PC_PA","M","2008-05",4.38,
"CHN","STINT","TOT","PC_PA","M","2008-06",4.2,
"CHN","STINT","TOT","PC_PA","M","2008-07",4.47,
"CHN","STINT","TOT","PC_PA","M","2008-08",4.08,
"CHN","STINT","TOT","PC_PA","M","2008-09",4.14,
"CHN","STINT","TOT","PC_PA","M","2008-10",4.25,
"CHN","STINT","TOT","PC_PA","M","2008-11",3.55,
"CHN","STINT","TOT","PC_PA","M","2008-12",1.9,
"CHN","STINT","TOT","PC_PA","M","2009-01",2.3,
"CHN","STINT","TOT","PC_PA","M","2009-02",1.09,
"CHN","STINT","TOT","PC_PA","M","2009-03",1.27,
"CHN","STINT","TOT","PC_PA","M","2009-04",1.12,
"CHN","STINT","TOT","PC_PA","M","2009-05",1.14,
"CHN","STINT","TOT","PC_PA","M","2009-06",1.2,
"CHN","STINT","TOT","PC_PA","M","2009-07",1.68,
"CHN","STINT","TOT","PC_PA","M","2009-08",1.7,
"CHN","STINT","TOT","PC_PA","M","2009-09",1.78,
"CHN","STINT","TOT","PC_PA","M","2009-10",1.81,
"CHN","STINT","TOT","PC_PA","M","2009-11",2.08,
"CHN","STINT","TOT","PC_PA","M","2009-12",1.86,
"CHN","STINT","TOT","PC_PA","M","2010-01",1.85,
"CHN","STINT","TOT","PC_PA","M","2010-02",1.94,
"CHN","STINT","TOT","PC_PA","M","2010-03",1.91,
"CHN","STINT","TOT","PC_PA","M","2010-04",1.73,
"CHN","STINT","TOT","PC_PA","M","2010-05",2.02,
"CHN","STINT","TOT","PC_PA","M","2010-06",3.69,
"CHN","STINT","TOT","PC_PA","M","2010-07",2.48,
"CHN","STINT","TOT","PC_PA","M","2010-08",2.44,
"CHN","STINT","TOT","PC_PA","M","2010-09",2.56,
"CHN","STINT","TOT","PC_PA","M","2010-10",2.75,
"CHN","STINT","TOT","PC_PA","M","2010-11",3.38,
"CHN","STINT","TOT","PC_PA","M","2010-12",4.94,
"CHN","STINT","TOT","PC_PA","M","2011-01",4.98,
"CHN","STINT","TOT","PC_PA","M","2011-02",4.84,
"CHN","STINT","TOT","PC_PA","M","2011-03",4.02,
"CHN","STINT","TOT","PC_PA","M","2011-04",3.94,
"CHN","STINT","TOT","PC_PA","M","2011-05",4.24,
"CHN","STINT","TOT","PC_PA","M","2011-06",5.91,
"CHN","STINT","TOT","PC_PA","M","2011-07",5.89,
"CHN","STINT","TOT","PC_PA","M","2011-08",5.19,
"CHN","STINT","TOT","PC_PA","M","2011-09",5.69,
"CHN","STINT","TOT","PC_PA","M","2011-10",5.67,
"CHN","STINT","TOT","PC_PA","M","2011-11",5.73,
"CHN","STINT","TOT","PC_PA","M","2011-12",5.57,
"CHN","STINT","TOT","PC_PA","M","2012-01",6.8,
"CHN","STINT","TOT","PC_PA","M","2012-02",5.36,
"CHN","STINT","TOT","PC_PA","M","2012-03",4.72,
"CHN","STINT","TOT","PC_PA","M","2012-04",4.37,
"CHN","STINT","TOT","PC_PA","M","2012-05",4.04,
"CHN","STINT","TOT","PC_PA","M","2012-06",3.7,
"CHN","STINT","TOT","PC_PA","M","2012-07",3.46,
"CHN","STINT","TOT","PC_PA","M","2012-08",3.59,
"CHN","STINT","TOT","PC_PA","M","2012-09",4.12,
"CHN","STINT","TOT","PC_PA","M","2012-10",3.78,
"CHN","STINT","TOT","PC_PA","M","2012-11",3.82,
"CHN","STINT","TOT","PC_PA","M","2012-12",3.97,
"CHN","STINT","TOT","PC_PA","M","2013-01",3.77,
"CHN","STINT","TOT","PC_PA","M","2013-02",3.71,
"CHN","STINT","TOT","PC_PA","M","2013-03",3.52,
"CHN","STINT","TOT","PC_PA","M","2013-04",3.63,
"CHN","STINT","TOT","PC_PA","M","2013-05",3.84,
"CHN","STINT","TOT","PC_PA","M","2013-06",6.65,
"CHN","STINT","TOT","PC_PA","M","2013-07",5.09,
"CHN","STINT","TOT","PC_PA","M","2013-08",5.4,
"CHN","STINT","TOT","PC_PA","M","2013-09",5.58,
"CHN","STINT","TOT","PC_PA","M","2013-10",5.14,
"CHN","STINT","TOT","PC_PA","M","2013-11",6.43,
"CHN","STINT","TOT","PC_PA","M","2013-12",6.96,
"CHN","STINT","TOT","PC_PA","M","2014-01",6.76,
"CHN","STINT","TOT","PC_PA","M","2014-02",5.14,
"CHN","STINT","TOT","PC_PA","M","2014-03",4.84,
"CHN","STINT","TOT","PC_PA","M","2014-04",4.64,
"CHN","STINT","TOT","PC_PA","M","2014-05",4.5,
"CHN","STINT","TOT","PC_PA","M","2014-06",4.59,
"CHN","STINT","TOT","PC_PA","M","2014-07",4.57,
"CHN","STINT","TOT","PC_PA","M","2014-08",4.47,
"CHN","STINT","TOT","PC_PA","M","2014-09",4.44,
"CHN","STINT","TOT","PC_PA","M","2014-10",4.26,
"CHN","STINT","TOT","PC_PA","M","2014-11",4.22,
"CHN","STINT","TOT","PC_PA","M","2014-12",5.22,
"CHN","STINT","TOT","PC_PA","M","2015-01",4.98,
"CHN","STINT","TOT","PC_PA","M","2015-02",5.41,
"CHN","STINT","TOT","PC_PA","M","2015-03",5.18,
"CHN","STINT","TOT","PC_PA","M","2015-04",4.1,
"CHN","STINT","TOT","PC_PA","M","2015-05",3.11,
"EA19","STINT","TOT","PC_PA","M","1998-04",4.09,
"EA19","STINT","TOT","PC_PA","M","1998-05",4.06,
"EA19","STINT","TOT","PC_PA","M","1998-06",4.02,
"EA19","STINT","TOT","PC_PA","M","1998-07",3.95,
"EA19","STINT","TOT","PC_PA","M","1998-08",3.93,
"EA19","STINT","TOT","PC_PA","M","1998-09",3.93,
"EA19","STINT","TOT","PC_PA","M","1998-10",3.81,
"EA19","STINT","TOT","PC_PA","M","1998-11",3.69,
"EA19","STINT","TOT","PC_PA","M","1998-12",3.37,
"EA19","STINT","TOT","PC_PA","M","1999-01",3.1321,
"EA19","STINT","TOT","PC_PA","M","1999-02",3.0934,
"EA19","STINT","TOT","PC_PA","M","1999-03",3.0467,
"EA19","STINT","TOT","PC_PA","M","1999-04",2.6965,
"EA19","STINT","TOT","PC_PA","M","1999-05",2.579,
"EA19","STINT","TOT","PC_PA","M","1999-06",2.6267,
"EA19","STINT","TOT","PC_PA","M","1999-07",2.6765,
"EA19","STINT","TOT","PC_PA","M","1999-08",2.695,
"EA19","STINT","TOT","PC_PA","M","1999-09",2.7267,
"EA19","STINT","TOT","PC_PA","M","1999-10",3.3757,
"EA19","STINT","TOT","PC_PA","M","1999-11",3.4677,
"EA19","STINT","TOT","PC_PA","M","1999-12",3.446,
"EA19","STINT","TOT","PC_PA","M","2000-01",3.3431,
"EA19","STINT","TOT","PC_PA","M","2000-02",3.5368,
"EA19","STINT","TOT","PC_PA","M","2000-03",3.747,
"EA19","STINT","TOT","PC_PA","M","2000-04",3.9253,
"EA19","STINT","TOT","PC_PA","M","2000-05",4.362,
"EA19","STINT","TOT","PC_PA","M","2000-06",4.5017,
"EA19","STINT","TOT","PC_PA","M","2000-07",4.5829,
"EA19","STINT","TOT","PC_PA","M","2000-08",4.7771,
"EA19","STINT","TOT","PC_PA","M","2000-09",4.8528,
"EA19","STINT","TOT","PC_PA","M","2000-10",5.0413,
"EA19","STINT","TOT","PC_PA","M","2000-11",5.092,
"EA19","STINT","TOT","PC_PA","M","2000-12",4.9392,
"EA19","STINT","TOT","PC_PA","M","2001-01",4.7707,
"EA19","STINT","TOT","PC_PA","M","2001-02",4.7558,
"EA19","STINT","TOT","PC_PA","M","2001-03",4.7086,
"EA19","STINT","TOT","PC_PA","M","2001-04",4.682,
"EA19","STINT","TOT","PC_PA","M","2001-05",4.6367,
"EA19","STINT","TOT","PC_PA","M","2001-06",4.4536,
"EA19","STINT","TOT","PC_PA","M","2001-07",4.4671,
"EA19","STINT","TOT","PC_PA","M","2001-08",4.3535,
"EA19","STINT","TOT","PC_PA","M","2001-09",3.9829,
"EA19","STINT","TOT","PC_PA","M","2001-10",3.5999,
"EA19","STINT","TOT","PC_PA","M","2001-11",3.3857,
"EA19","STINT","TOT","PC_PA","M","2001-12",3.3449,
"EA19","STINT","TOT","PC_PA","M","2002-01",3.3388,
"EA19","STINT","TOT","PC_PA","M","2002-02",3.3571,
"EA19","STINT","TOT","PC_PA","M","2002-03",3.3908,
"EA19","STINT","TOT","PC_PA","M","2002-04",3.4069,
"EA19","STINT","TOT","PC_PA","M","2002-05",3.4671,
"EA19","STINT","TOT","PC_PA","M","2002-06",3.464,
"EA19","STINT","TOT","PC_PA","M","2002-07",3.41,
"EA19","STINT","TOT","PC_PA","M","2002-08",3.3519,
"EA19","STINT","TOT","PC_PA","M","2002-09",3.3101,
"EA19","STINT","TOT","PC_PA","M","2002-10",3.2613,
"EA19","STINT","TOT","PC_PA","M","2002-11",3.1241,
"EA19","STINT","TOT","PC_PA","M","2002-12",2.941,
"EA19","STINT","TOT","PC_PA","M","2003-01",2.8318,
"EA19","STINT","TOT","PC_PA","M","2003-02",2.6875,
"EA19","STINT","TOT","PC_PA","M","2003-03",2.53,
"EA19","STINT","TOT","PC_PA","M","2003-04",2.5333,
"EA19","STINT","TOT","PC_PA","M","2003-05",2.4005,
"EA19","STINT","TOT","PC_PA","M","2003-06",2.1519,
"EA19","STINT","TOT","PC_PA","M","2003-07",2.13,
"EA19","STINT","TOT","PC_PA","M","2003-08",2.1404,
"EA19","STINT","TOT","PC_PA","M","2003-09",2.1473,
"EA19","STINT","TOT","PC_PA","M","2003-10",2.1436,
"EA19","STINT","TOT","PC_PA","M","2003-11",2.159,
"EA19","STINT","TOT","PC_PA","M","2003-12",2.1463,
"EA19","STINT","TOT","PC_PA","M","2004-01",2.0895,
"EA19","STINT","TOT","PC_PA","M","2004-02",2.0705,
"EA19","STINT","TOT","PC_PA","M","2004-03",2.0288,
"EA19","STINT","TOT","PC_PA","M","2004-04",2.0488,
"EA19","STINT","TOT","PC_PA","M","2004-05",2.0859,
"EA19","STINT","TOT","PC_PA","M","2004-06",2.1127,
"EA19","STINT","TOT","PC_PA","M","2004-07",2.116,
"EA19","STINT","TOT","PC_PA","M","2004-08",2.1143,
"EA19","STINT","TOT","PC_PA","M","2004-09",2.1186,
"EA19","STINT","TOT","PC_PA","M","2004-10",2.1473,
"EA19","STINT","TOT","PC_PA","M","2004-11",2.1703,
"EA19","STINT","TOT","PC_PA","M","2004-12",2.1732,
"EA19","STINT","TOT","PC_PA","M","2005-01",2.1454,
"EA19","STINT","TOT","PC_PA","M","2005-02",2.1383,
"EA19","STINT","TOT","PC_PA","M","2005-03",2.1372,
"EA19","STINT","TOT","PC_PA","M","2005-04",2.1372,
"EA19","STINT","TOT","PC_PA","M","2005-05",2.1256,
"EA19","STINT","TOT","PC_PA","M","2005-06",2.111,
"EA19","STINT","TOT","PC_PA","M","2005-07",2.1194,
"EA19","STINT","TOT","PC_PA","M","2005-08",2.1325,
"EA19","STINT","TOT","PC_PA","M","2005-09",2.1391,
"EA19","STINT","TOT","PC_PA","M","2005-10",2.1966,
"EA19","STINT","TOT","PC_PA","M","2005-11",2.3609,
"EA19","STINT","TOT","PC_PA","M","2005-12",2.4729,
"EA19","STINT","TOT","PC_PA","M","2006-01",2.5117,
"EA19","STINT","TOT","PC_PA","M","2006-02",2.6004,
"EA19","STINT","TOT","PC_PA","M","2006-03",2.7226,
"EA19","STINT","TOT","PC_PA","M","2006-04",2.7938,
"EA19","STINT","TOT","PC_PA","M","2006-05",2.889,
"EA19","STINT","TOT","PC_PA","M","2006-06",2.9857,
"EA19","STINT","TOT","PC_PA","M","2006-07",3.1022,
"EA19","STINT","TOT","PC_PA","M","2006-08",3.2265,
"EA19","STINT","TOT","PC_PA","M","2006-09",3.3354,
"EA19","STINT","TOT","PC_PA","M","2006-10",3.502,
"EA19","STINT","TOT","PC_PA","M","2006-11",3.5972,
"EA19","STINT","TOT","PC_PA","M","2006-12",3.6842,
"EA19","STINT","TOT","PC_PA","M","2007-01",3.7519,
"EA19","STINT","TOT","PC_PA","M","2007-02",3.8182,
"EA19","STINT","TOT","PC_PA","M","2007-03",3.8909,
"EA19","STINT","TOT","PC_PA","M","2007-04",3.9753,
"EA19","STINT","TOT","PC_PA","M","2007-05",4.0714,
"EA19","STINT","TOT","PC_PA","M","2007-06",4.1478,
"EA19","STINT","TOT","PC_PA","M","2007-07",4.2162,
"EA19","STINT","TOT","PC_PA","M","2007-08",4.5436,
"EA19","STINT","TOT","PC_PA","M","2007-09",4.7417,
"EA19","STINT","TOT","PC_PA","M","2007-10",4.6874,
"EA19","STINT","TOT","PC_PA","M","2007-11",4.6385,
"EA19","STINT","TOT","PC_PA","M","2007-12",4.8484,
"EA19","STINT","TOT","PC_PA","M","2008-01",4.4815,
"EA19","STINT","TOT","PC_PA","M","2008-02",4.3621,
"EA19","STINT","TOT","PC_PA","M","2008-03",4.5964,
"EA19","STINT","TOT","PC_PA","M","2008-04",4.7835,
"EA19","STINT","TOT","PC_PA","M","2008-05",4.8574,
"EA19","STINT","TOT","PC_PA","M","2008-06",4.9405,
"EA19","STINT","TOT","PC_PA","M","2008-07",4.961,
"EA19","STINT","TOT","PC_PA","M","2008-08",4.9652,
"EA19","STINT","TOT","PC_PA","M","2008-09",5.0192,
"EA19","STINT","TOT","PC_PA","M","2008-10",5.1131,
"EA19","STINT","TOT","PC_PA","M","2008-11",4.2383,
"EA19","STINT","TOT","PC_PA","M","2008-12",3.2926,
"EA19","STINT","TOT","PC_PA","M","2009-01",2.4565,
"EA19","STINT","TOT","PC_PA","M","2009-02",1.9431,
"EA19","STINT","TOT","PC_PA","M","2009-03",1.6355,
"EA19","STINT","TOT","PC_PA","M","2009-04",1.4223,
"EA19","STINT","TOT","PC_PA","M","2009-05",1.2817,
"EA19","STINT","TOT","PC_PA","M","2009-06",1.2279,
"EA19","STINT","TOT","PC_PA","M","2009-07",0.975,
"EA19","STINT","TOT","PC_PA","M","2009-08",0.8605,
"EA19","STINT","TOT","PC_PA","M","2009-09",0.7721,
"EA19","STINT","TOT","PC_PA","M","2009-10",0.7375,
"EA19","STINT","TOT","PC_PA","M","2009-11",0.7162,
"EA19","STINT","TOT","PC_PA","M","2009-12",0.712,
"EA19","STINT","TOT","PC_PA","M","2010-01",0.6797,
"EA19","STINT","TOT","PC_PA","M","2010-02",0.6617,
"EA19","STINT","TOT","PC_PA","M","2010-03",0.645,
"EA19","STINT","TOT","PC_PA","M","2010-04",0.6447,
"EA19","STINT","TOT","PC_PA","M","2010-05",0.6865,
"EA19","STINT","TOT","PC_PA","M","2010-06",0.7276,
"EA19","STINT","TOT","PC_PA","M","2010-07",0.8488,
"EA19","STINT","TOT","PC_PA","M","2010-08",0.8955,
"EA19","STINT","TOT","PC_PA","M","2010-09",0.8805,
"EA19","STINT","TOT","PC_PA","M","2010-10",0.9977,
"EA19","STINT","TOT","PC_PA","M","2010-11",1.042,
"EA19","STINT","TOT","PC_PA","M","2010-12",1.0217,
"EA19","STINT","TOT","PC_PA","M","2011-01",1.0172,
"EA19","STINT","TOT","PC_PA","M","2011-02",1.0867,
"EA19","STINT","TOT","PC_PA","M","2011-03",1.1755,
"EA19","STINT","TOT","PC_PA","M","2011-04",1.3212,
"EA19","STINT","TOT","PC_PA","M","2011-05",1.4251,
"EA19","STINT","TOT","PC_PA","M","2011-06",1.4886,
"EA19","STINT","TOT","PC_PA","M","2011-07",1.5976,
"EA19","STINT","TOT","PC_PA","M","2011-08",1.5521,
"EA19","STINT","TOT","PC_PA","M","2011-09",1.5365,
"EA19","STINT","TOT","PC_PA","M","2011-10",1.5759,
"EA19","STINT","TOT","PC_PA","M","2011-11",1.4847,
"EA19","STINT","TOT","PC_PA","M","2011-12",1.4261,
"EA19","STINT","TOT","PC_PA","M","2012-01",1.2222,
"EA19","STINT","TOT","PC_PA","M","2012-02",1.0483,
"EA19","STINT","TOT","PC_PA","M","2012-03",0.8585,
"EA19","STINT","TOT","PC_PA","M","2012-04",0.7443,
"EA19","STINT","TOT","PC_PA","M","2012-05",0.6849,
"EA19","STINT","TOT","PC_PA","M","2012-06",0.6589,
"EA19","STINT","TOT","PC_PA","M","2012-07",0.497,
"EA19","STINT","TOT","PC_PA","M","2012-08",0.3324,
"EA19","STINT","TOT","PC_PA","M","2012-09",0.2463,
"EA19","STINT","TOT","PC_PA","M","2012-10",0.2079,
"EA19","STINT","TOT","PC_PA","M","2012-11",0.192,
"EA19","STINT","TOT","PC_PA","M","2012-12",0.1855,
"EA19","STINT","TOT","PC_PA","M","2013-01",0.2049,
"EA19","STINT","TOT","PC_PA","M","2013-02",0.2234,
"EA19","STINT","TOT","PC_PA","M","2013-03",0.2061,
"EA19","STINT","TOT","PC_PA","M","2013-04",0.2089,
"EA19","STINT","TOT","PC_PA","M","2013-05",0.2012,
"EA19","STINT","TOT","PC_PA","M","2013-06",0.2103,
"EA19","STINT","TOT","PC_PA","M","2013-07",0.2214,
"EA19","STINT","TOT","PC_PA","M","2013-08",0.2259,
"EA19","STINT","TOT","PC_PA","M","2013-09",0.2232,
"EA19","STINT","TOT","PC_PA","M","2013-10",0.2258,
"EA19","STINT","TOT","PC_PA","M","2013-11",0.2234,
"EA19","STINT","TOT","PC_PA","M","2013-12",0.2735,
"EA19","STINT","TOT","PC_PA","M","2014-01",0.292,
"EA19","STINT","TOT","PC_PA","M","2014-02",0.2881,
"EA19","STINT","TOT","PC_PA","M","2014-03",0.3053,
"EA19","STINT","TOT","PC_PA","M","2014-04",0.3297,
"EA19","STINT","TOT","PC_PA","M","2014-05",0.3246,
"EA19","STINT","TOT","PC_PA","M","2014-06",0.2414,
"EA19","STINT","TOT","PC_PA","M","2014-07",0.205,
"EA19","STINT","TOT","PC_PA","M","2014-08",0.1916,
"EA19","STINT","TOT","PC_PA","M","2014-09",0.0971,
"EA19","STINT","TOT","PC_PA","M","2014-10",0.0826,
"EA19","STINT","TOT","PC_PA","M","2014-11",0.0809,
"EA19","STINT","TOT","PC_PA","M","2014-12",0.0809,
"EA19","STINT","TOT","PC_PA","M","2015-01",0.0627,
"EA19","STINT","TOT","PC_PA","M","2015-02",0.0482,
"EA19","STINT","TOT","PC_PA","M","2015-03",0.0272,
"EA19","STINT","TOT","PC_PA","M","2015-04",0.0047,
"EA19","STINT","TOT","PC_PA","M","2015-05",-0.0104,
"EA19","STINT","TOT","PC_PA","M","2015-06",-0.0139,
"EA19","STINT","TOT","PC_PA","M","2015-07",-0.0187,
"EA19","STINT","TOT","PC_PA","M","2015-08",-0.0277,
"EA19","STINT","TOT","PC_PA","M","2015-09",-0.037,
"EA19","STINT","TOT","PC_PA","M","2015-10",-0.0536,
"EA19","STINT","TOT","PC_PA","M","2015-11",-0.0876,
"EA19","STINT","TOT","PC_PA","M","2015-12",-0.1263,
"EA19","STINT","TOT","PC_PA","M","2016-01",-0.1461,
"EA19","STINT","TOT","PC_PA","M","2016-02",-0.1836,
"EA19","STINT","TOT","PC_PA","M","2016-03",-0.2285,
"EA19","STINT","TOT","PC_PA","M","2016-04",-0.2492,
"EA19","STINT","TOT","PC_PA","M","2016-05",-0.2572,
"EA19","STINT","TOT","PC_PA","M","2016-06",-0.2679,
"EA19","STINT","TOT","PC_PA","M","2016-07",-0.2945,
"EA19","STINT","TOT","PC_PA","M","2016-08",-0.2982,
"EA19","STINT","TOT","PC_PA","M","2016-09",-0.3016,
"EA19","STINT","TOT","PC_PA","M","2016-10",-0.309,
"EA19","STINT","TOT","PC_PA","M","2016-11",-0.3127,
"EA19","STINT","TOT","PC_PA","M","2016-12",-0.3158,
"EA19","STINT","TOT","PC_PA","M","2017-01",-0.3255,
"EA19","STINT","TOT","PC_PA","M","2017-02",-0.3286,
"EA19","STINT","TOT","PC_PA","M","2017-03",-0.3293,
"EA19","STINT","TOT","PC_PA","M","2017-04",-0.3304,
"EA19","STINT","TOT","PC_PA","M","2017-05",-0.3295,
"EA19","STINT","TOT","PC_PA","M","2017-06",-0.33,
"EA19","STINT","TOT","PC_PA","M","2017-07",-0.3304,
"EA19","STINT","TOT","PC_PA","M","2017-08",-0.3291,
"EA19","STINT","TOT","PC_PA","M","2017-09",-0.3294,
"EA19","STINT","TOT","PC_PA","M","2017-10",-0.3295,
"EA19","STINT","TOT","PC_PA","M","2017-11",-0.329,
"EA19","STINT","TOT","PC_PA","M","2017-12",-0.3279,
"EA19","STINT","TOT","PC_PA","M","2018-01",-0.3285,
"EA19","STINT","TOT","PC_PA","M","2018-02",-0.3285,
"EA19","STINT","TOT","PC_PA","M","2018-03",-0.3279,
"EA19","STINT","TOT","PC_PA","M","2018-04",-0.3285,
"EA19","STINT","TOT","PC_PA","M","2018-05",-0.3252,
"EA19","STINT","TOT","PC_PA","M","2018-06",-0.322,
"EA19","STINT","TOT","PC_PA","M","2018-07",-0.3207,
"EA19","STINT","TOT","PC_PA","M","2018-08",-0.319,
"EA19","STINT","TOT","PC_PA","M","2018-09",-0.3188,
"EA19","STINT","TOT","PC_PA","M","2018-10",-0.3177,
"EA19","STINT","TOT","PC_PA","M","2018-11",-0.3164,
"EA19","STINT","TOT","PC_PA","M","2018-12",-0.3119,
"EA19","STINT","TOT","PC_PA","M","2019-01",-0.308,
"EA19","STINT","TOT","PC_PA","M","2019-02",-0.3084,
"EA19","STINT","TOT","PC_PA","M","2019-03",-0.3092,
"EA19","STINT","TOT","PC_PA","M","2019-04",-0.3105,
"EA19","STINT","TOT","PC_PA","M","2019-05",-0.3119,
"EA19","STINT","TOT","PC_PA","M","2019-06",-0.3289,
"EA19","STINT","TOT","PC_PA","M","2019-07",-0.3649,
"EA19","STINT","TOT","PC_PA","M","2019-08",-0.4077,
"EA19","STINT","TOT","PC_PA","M","2019-09",-0.4176,
"EA19","STINT","TOT","PC_PA","M","2019-10",-0.4129,
"EA19","STINT","TOT","PC_PA","M","2019-11",-0.4013,
"EA19","STINT","TOT","PC_PA","M","2019-12",-0.3947,
"EA19","STINT","TOT","PC_PA","M","2020-01",-0.3911,
"EA19","STINT","TOT","PC_PA","M","2020-02",-0.4088,
"EA19","STINT","TOT","PC_PA","M","2020-03",-0.4166,
"EA19","STINT","TOT","PC_PA","M","2020-04",-0.254,
"EA19","STINT","TOT","PC_PA","M","2020-05",-0.272,
"EA19","STINT","TOT","PC_PA","M","2020-06",-0.376,
"EA19","STINT","TOT","PC_PA","M","2020-07",-0.4441,
"EA19","STINT","TOT","PC_PA","M","2020-08",-0.4797,
"EA19","STINT","TOT","PC_PA","M","2020-09",-0.4914,
"EA19","STINT","TOT","PC_PA","M","2020-10",-0.5091,
"EA19","STINT","TOT","PC_PA","M","2020-11",-0.5209,
"EA19","STINT","TOT","PC_PA","M","2020-12",-0.5381,
"EA19","STINT","TOT","PC_PA","M","2021-01",-0.5472,
"EA19","STINT","TOT","PC_PA","M","2021-02",-0.5411,
"EA19","STINT","TOT","PC_PA","M","2021-03",-0.5391,
"EA19","STINT","TOT","PC_PA","M","2021-04",-0.5382,
"EA19","STINT","TOT","PC_PA","M","2021-05",-0.5401,
"EA19","STINT","TOT","PC_PA","M","2021-06",-0.5429,
